Workbook
Name Slicer_balance_status: #N/A
Name Slicer_txn_type: #N/A

Sheet 1. OVERVIEW
A1: OVERVIEW
A3: Customers | E3: Nodes | I3: Transactions | M3: Net Flow
A4: =SUM(DATA!B2:B6) -> 500 | E4: =SUM(DATA!C2:C6) -> 25 | I4: =SUM(DATA!K2:K4) -> 5868 | M4: =DATA!M2-DATA!M3-DATA!M4 -> -240372

Sheet 2. BALANCE HEALTH
A1: BALANCE HEALTH
A3: AVG OF MIN | E3: AVG OF AVG | I3: AVG OF MAX | M3: % EVER NEGATIVE
A4: =ROUND(DATA!A21,0) -> -1251 | E4: =DATA!B21 -> -9.89 | I4: =ROUND(DATA!C21,0) -> 1239 | M4: =DATA!D21 -> 0.746

Sheet 3. PROVISIONING
A1: PROVISIONING
A3: Baseline (Opt1/2) | E3: Peak (Opt3) | I3: Overhead lãi | M3: Khuyến nghị
A4: =ROUND(AVERAGE(DATA!H14:I14),0) -> 259149 | E4: =MAX(DATA!J11:J14) -> 410126 | I4: =SUM(DATA!O11:O14)/DATA!M14 -> 0.016691083 | M4: Option 3 (Real-time)

Sheet EXPLORE 
A1: EXPLORE - Raw Transaction Analysis
A2: Ad-hoc analysis layer: Power Query + Pivot + Slicer. balance_status = âm tại từng giao dịch, không phải âm cuối tháng
A3: Select Month | B3: 43831 | C3: Net Flow | D3: Transaction Count | E3: Active Cust. | F3: Avg Closing | G3: Negative Cust. | U3: Month List | V3: Transaction Type List
A4: Transaction Type | B4: All | C4: =IF($B$4="All",SUMIFS(tbl_txn[signed_amount],tbl_txn[month],$B$3),SUMIFS(tbl_txn[signed_amount],tbl_txn[month],$B$3,tbl_txn[txn_type],$B$4)) -> 126091 | D4: =IF($B$4="All",COUNTIFS(tbl_txn[month],$B$3),COUNTIFS(tbl_txn[month],$B$3,tbl_txn[txn_type],$B$4)) -> 1497 | E4: {=IF($B$4="All",ROWS(_xlfn.UNIQUE(_xlfn._xlws.FILTER(tbl_txn[customer_id],tbl_txn[month]=$B$3))),ROWS(_xlfn.UNIQUE(_xlfn._xlws.FILTER(tbl_txn[customer_id],(tbl_txn[month]=$B$3)*(tbl_txn[txn_type]=$B$4)))))} -> 500 | F4: =_xlfn.XLOOKUP($B$3,tbl_month_health[month],tbl_month_health[avg_closing]) -> 252.18 | G4: =_xlfn.XLOOKUP($B$3,tbl_month_health[month],tbl_month_health[neg_customers]) -> 157 | U4: =DATE(2020,1,1) -> 43831 | V4: All
D5: =IF(C4<0,"Net outflow","Net inflow") -> Net inflow | G5: =IF(F4<0,"Overdraft zone","Healthy zone") -> Healthy zone | U5: =DATE(2020,2,1) -> 43862 | V5: deposit
U6: =DATE(2020,3,1) -> 43891 | V6: purchase
U7: =DATE(2020,4,1) -> 43922 | V7: withdrawal

Sheet Sheet1
A3: Row Labels | B3: Sum of signed_amount | C3: Peak Balance
A4: 179 | B4: -7953 | C4: 19
A5: 283 | B5: -7145 | C5: 947
A6: 405 | B6: -7070 | C6: 413
A7: 356 | B7: -6882 | C7: 568
A8: 183 | B8: -6560 | C8: 452
A9: 477 | B9: -6538 | C9: 101
A10: 473 | B10: -5772 | C10: 1566
A11: 132 | B11: -5585 | C11: 14
A12: 442 | B12: -5499 | C12: 553
A13: 206 | B13: -5374 | C13: 811
A14: Grand Total | B14: -64378 | C14: 1566

Sheet RAW_TXN
A1: customer_id | B1: txn_date | C1: txn_type | D1: txn_amount | E1: running_balance | F1: month | G1: signed_amount | H1: balance_status
A2: 1 | B2: 43832 | C2: deposit | D2: 312 | E2: 312 | F2: 43831 | G2: 312 | H2: Non-negative
A3: 1 | B3: 43895 | C3: purchase | D3: 612 | E3: -300 | F3: 43891 | G3: -612 | H3: Negative
A4: 1 | B4: 43907 | C4: deposit | D4: 324 | E4: 24 | F4: 43891 | G4: 324 | H4: Non-negative
A5: 1 | B5: 43909 | C5: purchase | D5: 664 | E5: -640 | F5: 43891 | G5: -664 | H5: Negative
A6: 2 | B6: 43833 | C6: deposit | D6: 549 | E6: 549 | F6: 43831 | G6: 549 | H6: Non-negative
A7: 2 | B7: 43914 | C7: deposit | D7: 61 | E7: 610 | F7: 43891 | G7: 61 | H7: Non-negative
A8: 3 | B8: 43857 | C8: deposit | D8: 144 | E8: 144 | F8: 43831 | G8: 144 | H8: Non-negative
A9: 3 | B9: 43883 | C9: purchase | D9: 965 | E9: -821 | F9: 43862 | G9: -965 | H9: Negative
A10: 3 | B10: 43895 | C10: withdrawal | D10: 213 | E10: -1034 | F10: 43891 | G10: -213 | H10: Negative
A11: 3 | B11: 43909 | C11: withdrawal | D11: 188 | E11: -1222 | F11: 43891 | G11: -188 | H11: Negative
A12: 3 | B12: 43933 | C12: deposit | D12: 493 | E12: -729 | F12: 43922 | G12: 493 | H12: Negative
A13: 4 | B13: 43837 | C13: deposit | D13: 458 | E13: 458 | F13: 43831 | G13: 458 | H13: Non-negative
... A5869: 500 | B5869: 43915 | C5869: deposit | D5869: 825 | E5869: 2251 | F5869: 43891 | G5869: 825 | H5869: Non-negative

Sheet DATA
A1: region | B1: customers | C1: nodes | F1: month | G1: txn_count | H1: active_customers | J1: txn_type | K1: txn_count | L1: unique_customers | M1: total_amount
A2: Australia | B2: 110 | C2: 5 | F2: 2020-01 | G2: 1497 | H2: 500 | J2: deposit | K2: 2671 | L2: 500 | M2: 1359168
A3: America | B3: 105 | C3: 5 | F3: 2020-02 | G3: 1715 | H3: 455 | J3: purchase | K3: 1617 | L3: 448 | M3: 806537
A4: Africa | B4: 102 | C4: 5 | F4: 2020-03 | G4: 1869 | H4: 456 | J4: withdrawal | K4: 1580 | L4: 439 | M4: 793003
A5: Asia | B5: 95 | C5: 5 | F5: 2020-04 | G5: 787 | H5: 309
A6: Europe | B6: 88 | C6: 5
A10: month | B10: avg_closing | C10: neg_customers | D10: qualifying | E10: up_over_5pct | G10: month | H10: opt1 | I10: opt2 | J10: opt3 | L10: month | M10: simple | N10: compound | O10: interest_earned
A11: 2020-01 | B11: 252.18 | C11: 157 | D11: 168 | G11: 2020-01 | J11: 356618 | L11: 2020-01 | M11: 236276.51 | N11: 236185.32 | O11: 681.51
A12: 2020-02 | B12: -27.42 | C12: 237 | D12: 181 | E12: 127 | G12: 2020-02 | H12: 235595 | I12: 128433 | J12: 410126 | L12: 2020-02 | M12: 263436.93 | N12: 263094.77 | O12: 1247.41
A13: 2020-03 | B13: -369.18 | C13: 271 | D13: 192 | E13: 85 | G13: 2020-03 | H13: 261508 | I13: 244605 | J13: 399620 | L13: 2020-03 | M13: 264265.67 | N13: 263549.35 | O13: 1365.74
A14: 2020-04 | B14: -480.74 | C14: 284 | D14: 70 | E14: 48 | G14: 2020-04 | H14: 260971 | I14: 257327 | J14: 314374 | L14: 2020-04 | M14: 269352.8 | N14: 268469.18 | O14: 1201.13
A20: avg_of_min | B20: avg_of_avg | C20: avg_of_max | D20: pct_ever_negative
A21: -1251.13 | B21: -9.89 | C21: 1238.56 | D21: 0.746

Sheet LOOKUP_MONTH
A1: month | B1: customers | C1: avg_closing | D1: min_closing_balance | E1: max_closing_balance | F1: neg_customers
A2: 43831 | B2: 500 | C2: 252.18 | D2: -3912 | E2: 3268 | F2: 157
A3: 43862 | B3: 500 | C3: -27.42 | D3: -4646 | E3: 3641 | F3: 237
A4: 43891 | B4: 500 | C4: -369.18 | D4: -7953 | E4: 4183 | F4: 271
A5: 43922 | B5: 500 | C5: -480.74 | D5: -7953 | E5: 5338 | F5: 284
A8: Sum of signed_amount | B8: Column Labels
A9: Row Labels | B9: deposit | C9: purchase | D9: withdrawal | E9: Grand Total
A10: Jan | B10: 437894 | C10: -152761 | D10: -159042 | E10: 126091
A11: Feb | B11: 357040 | C11: -252227 | D11: -244612 | E11: -139799
A12: Mar | B12: 390103 | C12: -276914 | D12: -284073 | E12: -170884
A13: Apr | B13: 174131 | C13: -124635 | D13: -105276 | E13: -55780
A14: Grand Total | B14: 1359168 | C14: -806537 | D14: -793003 | E14: -240372
A20: Row Labels | B20: Sum of signed_amount
A21: Jan | B21: 126091
A22: Feb | B22: -139799
A23: Mar | B23: -170884
A24: Apr | B24: -55780
A25: Grand Total | B25: -240372
